{
  "task": "FactoryTaskPegInsertCfg",
  "joint_names": [
    "panda_joint1",
    "panda_joint2",
    "panda_joint3",
    "panda_joint4",
    "panda_joint5",
    "panda_joint6",
    "panda_joint7",
    "panda_finger_joint1",
    "panda_finger_joint2"
  ],
  "joint_pos_after_ik": [
    -0.5290012955665588,
    0.4800006151199341,
    0.5436821579933167,
    -2.03528094291687,
    -0.3698423206806183,
    2.4199235439300537,
    1.0314342975616455,
    0.004032265394926071,
    0.0040450929664075375
  ],
  "fingertip_world_pos": [
    0.5962433218955994,
    0.00011261417239438742,
    0.12418461591005325
  ],
  "fingertip_world_quat_xyzw": [
    0.00015227208496071398,
    2.0960047550033778e-05,
    -3.771706542465836e-05,
    0.9999999403953552
  ],
  "robot_base_world_pos": [
    4.842877388000488e-08,
    1.7462298274040222e-10,
    -6.332993507385254e-08
  ],
  "robot_base_world_quat_xyzw": [
    7.168340365737436e-10,
    -5.4179535857734606e-11,
    1.0000003576278687,
    -2.2891502929334173e-11
  ]
}