{
  "task": "Isaac-Factory-NutThread-Direct-v0",
  "results": {
    "zeros": {
      "q_arm_commanded": [
        0.0,
        0.0,
        0.0,
        0.0,
        0.0,
        0.0,
        0.0
      ],
      "q_full_measured": [
        -0.00026741225156001747,
        -0.030955903232097626,
        -0.007201446685940027,
        -0.07203048467636108,
        0.013783642090857029,
        0.020763561129570007,
        0.006120966747403145,
        0.006342086009681225,
        0.03722747787833214
      ],
      "hand_world_pos": [
        0.09182436764240265,
        0.0004247184842824936,
        0.9297016263008118
      ],
      "hand_world_quat_xyzw": [
        0.3827529847621918,
        -0.009254979901015759,
        -0.004192223772406578,
        0.9237948656082153
      ],
      "fingertip_world_pos": [
        0.08954836428165436,
        0.0004987712018191814,
        0.8176537752151489
      ],
      "fingertip_world_quat_xyzw": [
        0.3827529847621918,
        -0.009254979901015759,
        -0.004192223772406578,
        0.9237948656082153
      ],
      "leftfinger_world_pos": [
        0.095122791826725,
        -0.004020329564809799,
        0.8712196350097656
      ],
      "rightfinger_world_pos": [
        0.064315065741539,
        0.026781834661960602,
        0.8718658089637756
      ],
      "fingertip_in_hand_local_pos": [
        -0.0038330024955588876,
        -0.07919477900485605,
        -0.07920480984509459
      ],
      "fingertip_in_hand_local_quat_xyzw": [
        0.0,
        0.0,
        0.0,
        1.0000000304615932
      ],
      "leftfinger_in_hand_local_pos": [
        0.0025513358633551947,
        -0.044501590775974376,
        -0.03826069163898782
      ],
      "rightfinger_in_hand_local_pos": [
        -0.028697858045230118,
        -0.022288885389620372,
        -0.05895828724776875
      ]
    },
    "init_arm_q": {
      "q_arm_commanded": [
        0.0,
        -0.7853981633974483,
        0.0,
        -2.356194490192345,
        0.0,
        1.5707963267948966,
        0.7853981633974483
      ],
      "q_full_measured": [
        0.00011377235205145553,
        -0.7853981852531433,
        0.00010836539149750024,
        -2.356194496154785,
        0.0006853442173451185,
        1.5708192586898804,
        0.7855879664421082,
        0.010690043680369854,
        0.03446795046329498
      ],
      "hand_world_pos": [
        0.30689311027526855,
        0.00015134894056245685,
        0.5902840495109558
      ],
      "hand_world_quat_xyzw": [
        -1.5137490549932409e-07,
        1.1277555131528061e-05,
        -0.00030385152786038816,
        0.9999998807907104
      ],
      "fingertip_world_pos": [
        0.3068956136703491,
        0.00021945482876617461,
        0.4782130718231201
      ],
      "fingertip_world_quat_xyzw": [
        -1.5137490549932409e-07,
        1.1277555131528061e-05,
        -0.00030385152786038816,
        0.9999998807907104
      ],
      "leftfinger_world_pos": [
        0.3068944215774536,
        -0.010503207333385944,
        0.5318775773048401
      ],
      "rightfinger_world_pos": [
        0.306894451379776,
        0.034654777497053146,
        0.5319050550460815
      ],
      "fingertip_in_hand_local_pos": [
        4.989769114172038e-06,
        6.814209447954592e-05,
        -0.11207097758270662
      ],
      "fingertip_in_hand_local_quat_xyzw": [
        0.0,
        8.098098196894141e-22,
        0.0,
        0.9999998540343922
      ],
      "leftfinger_in_hand_local_pos": [
        9.103466502902169e-06,
        -0.010654535426856342,
        -0.05840647531432419
      ],
      "rightfinger_in_hand_local_pos": [
        -1.8309993195519958e-05,
        0.03450344107469472,
        -0.05837898421033383
      ]
    },
    "all_quarter_pi": {
      "q_arm_commanded": [
        0.7853981633974483,
        0.7853981633974483,
        0.7853981633974483,
        0.7853981633974483,
        0.7853981633974483,
        0.7853981633974483,
        0.7853981633974483
      ],
      "q_full_measured": [
        0.40383583307266235,
        0.5346987843513489,
        0.9903329014778137,
        -0.0698176771402359,
        1.0254745483398438,
        0.8454861044883728,
        0.6889829635620117,
        0.007529488764703274,
        0.03827662765979767
      ],
      "hand_world_pos": [
        0.2320575714111328,
        0.25911256670951843,
        0.9537045359611511
      ],
      "hand_world_quat_xyzw": [
        0.7628995776176453,
        -0.03495549038052559,
        -0.5395439267158508,
        0.35447806119918823
      ],
      "fingertip_world_pos": [
        0.13701939582824707,
        0.2960038483142853,
        0.9071568846702576
      ],
      "fingertip_world_quat_xyzw": [
        0.7628995776176453,
        -0.03495549038052559,
        -0.5395439267158508,
        0.35447806119918823
      ],
      "leftfinger_world_pos": [
        0.18632176518440247,
        0.2839553952217102,
        0.9261668920516968
      ],
      "rightfinger_world_pos": [
        0.16327477991580963,
        0.24977275729179382,
        0.9461314082145691
      ],
      "fingertip_in_hand_local_pos": [
        -0.018386089402088635,
        -0.08574612061603526,
        0.06978151413314482
      ],
      "fingertip_in_hand_local_quat_xyzw": [
        0.0,
        0.0,
        0.0,
        0.9999999965644194
      ],
      "leftfinger_in_hand_local_pos": [
        -0.007836114805920946,
        -0.04952689452915965,
        0.0308696277782603
      ],
      "rightfinger_in_hand_local_pos": [
        -0.01845077873580092,
        -0.020053650768525833,
        0.06428900790781766
      ]
    }
  }
}